{"cameraMode":{"drawMode":0,"name":"Shaded","section":"Shading Mode"},"sceneLighting":true,"audioPlay":false,"sceneViewState":{"showFog":true,"showMaterialUpdate":false,"showSkybox":true,"showFlares":true,"showImageEffects":true,"showParticleSystems":true},"in2DMode":false,"pivot":{"x":0.5710127353668213,"y":-0.6670761108398438,"z":0.6860294342041016},"rotation":{"x":-0.2281675934791565,"y":0.7579022645950317,"z":-0.5072488188743591,"w":-0.34091484546661379},"size":10.3534517288208,"orthographic":false}