{"cameraMode":{"drawMode":0,"name":"Shaded","section":"Shading Mode"},"sceneLighting":false,"audioPlay":false,"sceneViewState":{"showFog":true,"showMaterialUpdate":false,"showSkybox":true,"showFlares":true,"showImageEffects":true,"showParticleSystems":true},"in2DMode":false,"pivot":{"x":0.6782644391059876,"y":-0.3222467601299286,"z":-0.15806257724761964},"rotation":{"x":0.7039204239845276,"y":3.480305821312868e-8,"z":-4.962170123690157e-7,"w":0.7102858424186707},"size":19.37295913696289,"orthographic":true}